-- phpMyAdmin SQL Dump
-- version 5.2.0
-- https://www.phpmyadmin.net/
--
-- Počítač: localhost:3306
-- Vytvořeno: Úte 09. led 2024, 22:54
-- Verze serveru: 10.5.19-MariaDB-0+deb11u2
-- Verze PHP: 8.1.20

SET SQL_MODE = "NO_AUTO_VALUE_ON_ZERO";
START TRANSACTION;
SET time_zone = "+00:00";


/*!40101 SET @OLD_CHARACTER_SET_CLIENT=@@CHARACTER_SET_CLIENT */;
/*!40101 SET @OLD_CHARACTER_SET_RESULTS=@@CHARACTER_SET_RESULTS */;
/*!40101 SET @OLD_COLLATION_CONNECTION=@@COLLATION_CONNECTION */;
/*!40101 SET NAMES utf8mb4 */;

--
-- Databáze: `bret04`
--

-- --------------------------------------------------------

--
-- Struktura tabulky `cart`
--

CREATE TABLE `cart` (
                        `cart_id` int(11) NOT NULL,
                        `user_id` int(11) DEFAULT NULL,
                        `last_modified` timestamp NOT NULL DEFAULT current_timestamp()
) ENGINE=InnoDB DEFAULT CHARSET=utf8mb4 COLLATE=utf8mb4_czech_ci;

--
-- Vypisuji data pro tabulku `cart`
--

INSERT INTO `cart` (`cart_id`, `user_id`, `last_modified`) VALUES
                                                               (890, NULL, '2024-01-06 22:26:44'),
                                                               (891, NULL, '2024-01-06 22:26:47'),
                                                               (892, NULL, '2024-01-06 22:26:48'),
                                                               (893, NULL, '2024-01-06 22:26:50'),
                                                               (894, NULL, '2024-01-06 22:26:52'),
                                                               (895, NULL, '2024-01-06 22:26:53'),
                                                               (896, NULL, '2024-01-06 22:27:01'),
                                                               (897, NULL, '2024-01-06 22:27:04'),
                                                               (898, NULL, '2024-01-06 22:27:15'),
                                                               (899, NULL, '2024-01-06 22:27:18'),
                                                               (900, NULL, '2024-01-06 22:27:25'),
                                                               (901, NULL, '2024-01-06 22:27:27'),
                                                               (902, NULL, '2024-01-06 22:27:28'),
                                                               (903, NULL, '2024-01-07 20:08:35'),
                                                               (904, NULL, '2024-01-07 20:52:44'),
                                                               (905, NULL, '2024-01-07 20:52:52'),
                                                               (906, NULL, '2024-01-07 21:46:52'),
                                                               (907, NULL, '2024-01-07 21:47:01'),
                                                               (908, NULL, '2024-01-07 21:47:04'),
                                                               (909, NULL, '2024-01-07 21:47:08'),
                                                               (910, NULL, '2024-01-07 21:47:11'),
                                                               (912, NULL, '2024-01-07 22:54:48'),
                                                               (913, NULL, '2024-01-07 22:54:50'),
                                                               (914, NULL, '2024-01-07 22:54:52'),
                                                               (915, NULL, '2024-01-07 22:54:54'),
                                                               (916, NULL, '2024-01-08 11:42:20'),
                                                               (917, NULL, '2024-01-08 11:42:23'),
                                                               (918, 3, '2024-01-09 17:09:36'),
                                                               (919, NULL, '2024-01-08 11:42:27'),
                                                               (920, NULL, '2024-01-08 11:42:38'),
                                                               (921, NULL, '2024-01-08 11:42:47'),
                                                               (922, NULL, '2024-01-08 11:42:57'),
                                                               (923, NULL, '2024-01-08 12:06:34'),
                                                               (924, NULL, '2024-01-08 12:06:36'),
                                                               (925, NULL, '2024-01-08 13:54:01'),
                                                               (926, NULL, '2024-01-08 13:54:02'),
                                                               (927, NULL, '2024-01-08 13:54:04'),
                                                               (928, NULL, '2024-01-08 13:54:09'),
                                                               (929, NULL, '2024-01-08 13:54:12'),
                                                               (930, NULL, '2024-01-08 13:54:13'),
                                                               (931, NULL, '2024-01-08 13:54:14'),
                                                               (932, NULL, '2024-01-08 13:54:16'),
                                                               (933, NULL, '2024-01-08 13:54:17'),
                                                               (934, NULL, '2024-01-08 13:54:19'),
                                                               (935, NULL, '2024-01-08 13:54:20'),
                                                               (936, NULL, '2024-01-08 13:54:22'),
                                                               (937, NULL, '2024-01-08 13:54:25'),
                                                               (938, NULL, '2024-01-08 13:54:28'),
                                                               (939, NULL, '2024-01-08 13:54:28'),
                                                               (940, NULL, '2024-01-08 16:42:36'),
                                                               (941, NULL, '2024-01-08 16:42:38'),
                                                               (942, NULL, '2024-01-08 17:09:41'),
                                                               (943, NULL, '2024-01-08 17:09:46'),
                                                               (944, NULL, '2024-01-08 17:10:12'),
                                                               (945, NULL, '2024-01-08 17:10:15'),
                                                               (946, NULL, '2024-01-08 17:10:24'),
                                                               (947, NULL, '2024-01-08 17:10:26'),
                                                               (948, NULL, '2024-01-08 17:13:46'),
                                                               (949, NULL, '2024-01-08 17:14:19'),
                                                               (950, NULL, '2024-01-08 17:14:21'),
                                                               (951, NULL, '2024-01-08 17:23:01'),
                                                               (952, NULL, '2024-01-08 17:23:03'),
                                                               (953, NULL, '2024-01-08 17:23:37'),
                                                               (954, NULL, '2024-01-08 17:24:12'),
                                                               (955, NULL, '2024-01-08 17:33:07'),
                                                               (956, NULL, '2024-01-08 18:05:22'),
                                                               (957, NULL, '2024-01-08 18:05:24'),
                                                               (958, NULL, '2024-01-08 18:05:28'),
                                                               (959, NULL, '2024-01-08 18:07:43'),
                                                               (960, NULL, '2024-01-08 18:09:59'),
                                                               (961, NULL, '2024-01-08 18:10:00'),
                                                               (962, NULL, '2024-01-08 18:10:00'),
                                                               (963, NULL, '2024-01-08 18:10:15'),
                                                               (964, NULL, '2024-01-08 18:10:16'),
                                                               (965, NULL, '2024-01-08 18:10:18'),
                                                               (966, NULL, '2024-01-08 18:10:19'),
                                                               (967, NULL, '2024-01-08 18:10:20'),
                                                               (968, NULL, '2024-01-08 18:10:24'),
                                                               (969, NULL, '2024-01-08 18:10:25'),
                                                               (970, NULL, '2024-01-08 18:10:38'),
                                                               (971, NULL, '2024-01-08 18:10:40'),
                                                               (972, NULL, '2024-01-08 18:10:41'),
                                                               (973, NULL, '2024-01-08 18:10:48'),
                                                               (974, NULL, '2024-01-08 18:10:55'),
                                                               (975, NULL, '2024-01-08 18:11:07'),
                                                               (976, NULL, '2024-01-08 18:11:08'),
                                                               (977, NULL, '2024-01-08 18:11:11'),
                                                               (978, NULL, '2024-01-08 18:11:12'),
                                                               (979, NULL, '2024-01-08 18:11:15'),
                                                               (980, NULL, '2024-01-08 18:11:17'),
                                                               (981, NULL, '2024-01-08 18:11:19'),
                                                               (982, NULL, '2024-01-08 18:11:27'),
                                                               (983, NULL, '2024-01-08 18:11:28'),
                                                               (984, NULL, '2024-01-08 18:11:28'),
                                                               (985, NULL, '2024-01-08 18:11:30'),
                                                               (986, NULL, '2024-01-08 18:11:32'),
                                                               (988, NULL, '2024-01-08 18:13:03'),
                                                               (989, NULL, '2024-01-08 18:13:05'),
                                                               (990, NULL, '2024-01-08 18:13:13'),
                                                               (991, NULL, '2024-01-08 18:13:13'),
                                                               (992, NULL, '2024-01-08 18:13:15'),
                                                               (993, NULL, '2024-01-08 18:13:16'),
                                                               (994, NULL, '2024-01-08 18:13:17'),
                                                               (995, NULL, '2024-01-08 18:13:45'),
                                                               (996, NULL, '2024-01-08 18:13:46'),
                                                               (997, NULL, '2024-01-08 18:13:48'),
                                                               (998, NULL, '2024-01-08 18:13:48'),
                                                               (999, NULL, '2024-01-08 18:13:50'),
                                                               (1000, NULL, '2024-01-08 18:13:50'),
                                                               (1001, NULL, '2024-01-08 18:13:51'),
                                                               (1002, NULL, '2024-01-08 18:13:52'),
                                                               (1003, NULL, '2024-01-08 18:13:53'),
                                                               (1004, NULL, '2024-01-08 18:13:55'),
                                                               (1005, NULL, '2024-01-08 18:13:57'),
                                                               (1006, NULL, '2024-01-08 18:14:00'),
                                                               (1007, NULL, '2024-01-08 18:14:02'),
                                                               (1008, NULL, '2024-01-08 18:14:04'),
                                                               (1009, NULL, '2024-01-08 18:14:05'),
                                                               (1010, NULL, '2024-01-08 18:14:06'),
                                                               (1011, NULL, '2024-01-08 18:14:07'),
                                                               (1012, NULL, '2024-01-08 18:14:20'),
                                                               (1013, NULL, '2024-01-08 18:14:23'),
                                                               (1014, NULL, '2024-01-08 18:14:28'),
                                                               (1015, NULL, '2024-01-08 18:14:30'),
                                                               (1016, NULL, '2024-01-08 18:14:31'),
                                                               (1017, NULL, '2024-01-08 18:14:33'),
                                                               (1018, NULL, '2024-01-08 18:14:34'),
                                                               (1019, NULL, '2024-01-08 18:14:37'),
                                                               (1020, NULL, '2024-01-08 18:14:39'),
                                                               (1021, NULL, '2024-01-08 18:14:41'),
                                                               (1022, NULL, '2024-01-08 18:14:45'),
                                                               (1023, NULL, '2024-01-08 18:14:47'),
                                                               (1024, NULL, '2024-01-08 18:14:49'),
                                                               (1025, NULL, '2024-01-08 18:14:49'),
                                                               (1026, NULL, '2024-01-08 18:14:50'),
                                                               (1027, NULL, '2024-01-08 18:14:56'),
                                                               (1028, NULL, '2024-01-08 18:14:56'),
                                                               (1029, NULL, '2024-01-08 18:14:57'),
                                                               (1030, NULL, '2024-01-08 18:14:57'),
                                                               (1031, NULL, '2024-01-08 18:14:57'),
                                                               (1032, NULL, '2024-01-08 18:15:00'),
                                                               (1033, NULL, '2024-01-08 18:15:07'),
                                                               (1034, NULL, '2024-01-08 18:17:23'),
                                                               (1035, NULL, '2024-01-08 20:16:37'),
                                                               (1036, NULL, '2024-01-08 20:16:44'),
                                                               (1038, NULL, '2024-01-08 20:17:32'),
                                                               (1039, NULL, '2024-01-08 20:17:34'),
                                                               (1040, NULL, '2024-01-08 20:17:36'),
                                                               (1041, NULL, '2024-01-08 20:17:37'),
                                                               (1042, NULL, '2024-01-08 20:17:41'),
                                                               (1043, NULL, '2024-01-08 20:17:42'),
                                                               (1044, NULL, '2024-01-08 20:17:43'),
                                                               (1045, NULL, '2024-01-08 20:17:44'),
                                                               (1046, NULL, '2024-01-08 20:17:50'),
                                                               (1047, NULL, '2024-01-08 20:17:55'),
                                                               (1048, NULL, '2024-01-08 20:17:57'),
                                                               (1050, NULL, '2024-01-08 20:18:35'),
                                                               (1051, NULL, '2024-01-08 22:09:53'),
                                                               (1052, NULL, '2024-01-08 22:10:02'),
                                                               (1053, NULL, '2024-01-08 22:10:15'),
                                                               (1054, NULL, '2024-01-08 22:10:24'),
                                                               (1055, NULL, '2024-01-08 22:10:30'),
                                                               (1056, NULL, '2024-01-08 22:10:31'),
                                                               (1057, NULL, '2024-01-08 22:10:31'),
                                                               (1058, NULL, '2024-01-08 22:10:32'),
                                                               (1059, NULL, '2024-01-08 22:10:33'),
                                                               (1060, NULL, '2024-01-08 22:10:34'),
                                                               (1061, NULL, '2024-01-08 22:10:36'),
                                                               (1062, NULL, '2024-01-08 22:10:37'),
                                                               (1063, NULL, '2024-01-08 22:18:39'),
                                                               (1064, NULL, '2024-01-08 22:20:37'),
                                                               (1065, NULL, '2024-01-08 22:20:58'),
                                                               (1066, NULL, '2024-01-08 22:21:06'),
                                                               (1067, NULL, '2024-01-08 22:21:06'),
                                                               (1068, NULL, '2024-01-08 22:21:07'),
                                                               (1069, NULL, '2024-01-08 22:21:08'),
                                                               (1070, NULL, '2024-01-08 22:22:12'),
                                                               (1071, NULL, '2024-01-08 22:22:13'),
                                                               (1072, NULL, '2024-01-08 22:22:27'),
                                                               (1073, NULL, '2024-01-08 22:22:28'),
                                                               (1074, NULL, '2024-01-08 22:27:24'),
                                                               (1075, NULL, '2024-01-08 22:27:25'),
                                                               (1076, NULL, '2024-01-08 22:27:25'),
                                                               (1077, NULL, '2024-01-08 22:27:35'),
                                                               (1078, NULL, '2024-01-08 22:27:37'),
                                                               (1079, NULL, '2024-01-08 22:32:33'),
                                                               (1080, NULL, '2024-01-08 22:33:01'),
                                                               (1081, NULL, '2024-01-08 22:51:15'),
                                                               (1082, NULL, '2024-01-08 22:51:17'),
                                                               (1083, NULL, '2024-01-08 22:51:20'),
                                                               (1084, NULL, '2024-01-08 22:51:21'),
                                                               (1085, NULL, '2024-01-08 22:51:38'),
                                                               (1086, NULL, '2024-01-08 22:53:34'),
                                                               (1087, NULL, '2024-01-08 22:53:48'),
                                                               (1088, NULL, '2024-01-08 22:53:51'),
                                                               (1089, NULL, '2024-01-08 22:53:58'),
                                                               (1090, NULL, '2024-01-08 22:54:02'),
                                                               (1091, NULL, '2024-01-08 22:54:24'),
                                                               (1092, NULL, '2024-01-08 23:24:25'),
                                                               (1093, NULL, '2024-01-08 23:30:02'),
                                                               (1094, NULL, '2024-01-08 23:30:03'),
                                                               (1095, NULL, '2024-01-08 23:34:28'),
                                                               (1096, NULL, '2024-01-08 23:34:31'),
                                                               (1097, NULL, '2024-01-08 23:34:44'),
                                                               (1098, NULL, '2024-01-08 23:34:47'),
                                                               (1099, NULL, '2024-01-08 23:34:53'),
                                                               (1100, NULL, '2024-01-08 23:35:04'),
                                                               (1101, NULL, '2024-01-08 23:35:59'),
                                                               (1102, NULL, '2024-01-08 23:36:05'),
                                                               (1103, NULL, '2024-01-08 23:36:10'),
                                                               (1104, NULL, '2024-01-08 23:36:14'),
                                                               (1105, NULL, '2024-01-08 23:36:16'),
                                                               (1106, NULL, '2024-01-08 23:36:17'),
                                                               (1107, NULL, '2024-01-09 10:07:49'),
                                                               (1108, NULL, '2024-01-09 10:07:55'),
                                                               (1109, NULL, '2024-01-09 10:07:57'),
                                                               (1110, NULL, '2024-01-09 10:08:10'),
                                                               (1111, NULL, '2024-01-09 10:08:12'),
                                                               (1112, NULL, '2024-01-09 10:08:49'),
                                                               (1113, NULL, '2024-01-09 10:08:51'),
                                                               (1114, NULL, '2024-01-09 10:08:52'),
                                                               (1115, NULL, '2024-01-09 10:08:59'),
                                                               (1116, NULL, '2024-01-09 10:09:01'),
                                                               (1117, NULL, '2024-01-09 10:09:02'),
                                                               (1118, NULL, '2024-01-09 10:09:03'),
                                                               (1119, NULL, '2024-01-09 10:09:05'),
                                                               (1120, NULL, '2024-01-09 10:09:14'),
                                                               (1121, NULL, '2024-01-09 10:09:38'),
                                                               (1122, NULL, '2024-01-09 10:09:39'),
                                                               (1123, NULL, '2024-01-09 10:09:44'),
                                                               (1124, NULL, '2024-01-09 10:09:47'),
                                                               (1125, NULL, '2024-01-09 10:12:42'),
                                                               (1126, NULL, '2024-01-09 10:12:53'),
                                                               (1127, NULL, '2024-01-09 10:27:18'),
                                                               (1128, NULL, '2024-01-09 10:27:18'),
                                                               (1129, NULL, '2024-01-09 10:27:22'),
                                                               (1130, NULL, '2024-01-09 10:34:34'),
                                                               (1131, NULL, '2024-01-09 10:34:35'),
                                                               (1132, NULL, '2024-01-09 10:34:36'),
                                                               (1133, NULL, '2024-01-09 10:34:37'),
                                                               (1134, NULL, '2024-01-09 10:34:38'),
                                                               (1135, NULL, '2024-01-09 10:34:39'),
                                                               (1136, NULL, '2024-01-09 10:34:39'),
                                                               (1137, NULL, '2024-01-09 10:34:41'),
                                                               (1138, NULL, '2024-01-09 10:34:41'),
                                                               (1139, NULL, '2024-01-09 10:34:42'),
                                                               (1140, NULL, '2024-01-09 10:34:42'),
                                                               (1141, NULL, '2024-01-09 10:34:43'),
                                                               (1142, NULL, '2024-01-09 10:44:54'),
                                                               (1143, NULL, '2024-01-09 10:44:57'),
                                                               (1144, NULL, '2024-01-09 10:49:13'),
                                                               (1145, NULL, '2024-01-09 10:49:15'),
                                                               (1146, NULL, '2024-01-09 10:50:36'),
                                                               (1147, NULL, '2024-01-09 10:50:37'),
                                                               (1148, NULL, '2024-01-09 10:50:42'),
                                                               (1149, NULL, '2024-01-09 10:50:44'),
                                                               (1150, NULL, '2024-01-09 10:50:46'),
                                                               (1151, NULL, '2024-01-09 10:50:48'),
                                                               (1152, NULL, '2024-01-09 10:50:59'),
                                                               (1153, NULL, '2024-01-09 10:51:07'),
                                                               (1154, NULL, '2024-01-09 10:51:07'),
                                                               (1155, NULL, '2024-01-09 10:51:08'),
                                                               (1156, NULL, '2024-01-09 10:51:08'),
                                                               (1157, NULL, '2024-01-09 10:51:08'),
                                                               (1158, NULL, '2024-01-09 10:51:09'),
                                                               (1159, NULL, '2024-01-09 11:04:58'),
                                                               (1160, NULL, '2024-01-09 11:04:58'),
                                                               (1161, NULL, '2024-01-09 11:04:59'),
                                                               (1162, NULL, '2024-01-09 11:05:03'),
                                                               (1163, NULL, '2024-01-09 11:05:06'),
                                                               (1164, NULL, '2024-01-09 11:06:46'),
                                                               (1165, NULL, '2024-01-09 11:18:19'),
                                                               (1166, NULL, '2024-01-09 11:18:20'),
                                                               (1167, NULL, '2024-01-09 11:18:21'),
                                                               (1168, NULL, '2024-01-09 11:18:24'),
                                                               (1169, NULL, '2024-01-09 11:18:30'),
                                                               (1170, NULL, '2024-01-09 11:18:30'),
                                                               (1171, NULL, '2024-01-09 11:18:34'),
                                                               (1172, NULL, '2024-01-09 11:18:35'),
                                                               (1173, NULL, '2024-01-09 11:18:37'),
                                                               (1174, NULL, '2024-01-09 11:18:38'),
                                                               (1175, NULL, '2024-01-09 11:18:42'),
                                                               (1176, NULL, '2024-01-09 11:18:46'),
                                                               (1177, NULL, '2024-01-09 11:22:11'),
                                                               (1178, NULL, '2024-01-09 11:22:13'),
                                                               (1179, NULL, '2024-01-09 11:22:15'),
                                                               (1180, NULL, '2024-01-09 11:22:32'),
                                                               (1181, NULL, '2024-01-09 11:23:22'),
                                                               (1182, NULL, '2024-01-09 11:23:28'),
                                                               (1183, NULL, '2024-01-09 11:26:20'),
                                                               (1184, NULL, '2024-01-09 11:26:28'),
                                                               (1185, NULL, '2024-01-09 12:07:43'),
                                                               (1186, NULL, '2024-01-09 12:07:53'),
                                                               (1187, NULL, '2024-01-09 12:07:56'),
                                                               (1188, NULL, '2024-01-09 12:12:40'),
                                                               (1189, NULL, '2024-01-09 12:12:43'),
                                                               (1190, NULL, '2024-01-09 12:14:17'),
                                                               (1191, NULL, '2024-01-09 12:14:17'),
                                                               (1192, NULL, '2024-01-09 12:14:21'),
                                                               (1193, NULL, '2024-01-09 12:14:22'),
                                                               (1194, NULL, '2024-01-09 12:17:19'),
                                                               (1195, NULL, '2024-01-09 12:17:23'),
                                                               (1196, NULL, '2024-01-09 12:17:25'),
                                                               (1197, NULL, '2024-01-09 12:17:26'),
                                                               (1198, NULL, '2024-01-09 12:17:28'),
                                                               (1199, NULL, '2024-01-09 12:17:45'),
                                                               (1200, NULL, '2024-01-09 12:17:53'),
                                                               (1201, NULL, '2024-01-09 12:18:28'),
                                                               (1202, NULL, '2024-01-09 12:19:05'),
                                                               (1203, NULL, '2024-01-09 12:19:09'),
                                                               (1204, NULL, '2024-01-09 12:19:11'),
                                                               (1205, NULL, '2024-01-09 12:19:13'),
                                                               (1206, NULL, '2024-01-09 12:19:14'),
                                                               (1207, NULL, '2024-01-09 12:19:15'),
                                                               (1208, NULL, '2024-01-09 12:19:16'),
                                                               (1209, NULL, '2024-01-09 12:19:17'),
                                                               (1210, NULL, '2024-01-09 12:19:18'),
                                                               (1211, NULL, '2024-01-09 12:19:22'),
                                                               (1212, NULL, '2024-01-09 12:19:50'),
                                                               (1213, NULL, '2024-01-09 12:19:53'),
                                                               (1214, NULL, '2024-01-09 12:19:54'),
                                                               (1215, NULL, '2024-01-09 12:19:55'),
                                                               (1216, NULL, '2024-01-09 12:19:57'),
                                                               (1217, NULL, '2024-01-09 12:19:58'),
                                                               (1218, NULL, '2024-01-09 12:20:04'),
                                                               (1219, NULL, '2024-01-09 12:20:05'),
                                                               (1220, NULL, '2024-01-09 12:20:07'),
                                                               (1221, NULL, '2024-01-09 12:27:31'),
                                                               (1222, NULL, '2024-01-09 12:27:31'),
                                                               (1223, NULL, '2024-01-09 12:27:32'),
                                                               (1224, NULL, '2024-01-09 12:31:16'),
                                                               (1225, NULL, '2024-01-09 12:31:17'),
                                                               (1226, NULL, '2024-01-09 12:31:53'),
                                                               (1227, NULL, '2024-01-09 12:31:54'),
                                                               (1228, NULL, '2024-01-09 12:31:54'),
                                                               (1229, NULL, '2024-01-09 12:32:02'),
                                                               (1230, NULL, '2024-01-09 12:44:23'),
                                                               (1231, NULL, '2024-01-09 12:46:03'),
                                                               (1232, NULL, '2024-01-09 12:48:18'),
                                                               (1233, NULL, '2024-01-09 12:48:20'),
                                                               (1234, NULL, '2024-01-09 12:48:33'),
                                                               (1235, NULL, '2024-01-09 12:48:35'),
                                                               (1236, NULL, '2024-01-09 12:48:53'),
                                                               (1237, NULL, '2024-01-09 12:48:55'),
                                                               (1238, NULL, '2024-01-09 12:48:57'),
                                                               (1239, NULL, '2024-01-09 12:49:13'),
                                                               (1240, NULL, '2024-01-09 12:49:15'),
                                                               (1241, NULL, '2024-01-09 12:49:17'),
                                                               (1242, NULL, '2024-01-09 12:50:54'),
                                                               (1243, NULL, '2024-01-09 12:50:55'),
                                                               (1244, NULL, '2024-01-09 12:51:43'),
                                                               (1245, NULL, '2024-01-09 12:51:48'),
                                                               (1246, NULL, '2024-01-09 12:52:44'),
                                                               (1247, NULL, '2024-01-09 12:52:45'),
                                                               (1248, NULL, '2024-01-09 12:52:46'),
                                                               (1249, NULL, '2024-01-09 12:53:28'),
                                                               (1250, NULL, '2024-01-09 12:53:29'),
                                                               (1251, NULL, '2024-01-09 12:53:30'),
                                                               (1252, NULL, '2024-01-09 12:53:48'),
                                                               (1253, NULL, '2024-01-09 12:53:50'),
                                                               (1254, NULL, '2024-01-09 12:53:52'),
                                                               (1255, NULL, '2024-01-09 12:54:04'),
                                                               (1256, NULL, '2024-01-09 12:54:35'),
                                                               (1257, NULL, '2024-01-09 12:54:51'),
                                                               (1258, NULL, '2024-01-09 12:54:57'),
                                                               (1259, NULL, '2024-01-09 12:55:00'),
                                                               (1260, NULL, '2024-01-09 12:55:01'),
                                                               (1261, NULL, '2024-01-09 12:55:02'),
                                                               (1262, NULL, '2024-01-09 12:55:04'),
                                                               (1263, NULL, '2024-01-09 12:55:04'),
                                                               (1264, NULL, '2024-01-09 12:55:05'),
                                                               (1265, NULL, '2024-01-09 12:55:08'),
                                                               (1266, NULL, '2024-01-09 12:55:16'),
                                                               (1267, NULL, '2024-01-09 12:55:20'),
                                                               (1268, NULL, '2024-01-09 12:55:32'),
                                                               (1269, NULL, '2024-01-09 12:55:39'),
                                                               (1270, NULL, '2024-01-09 12:56:31'),
                                                               (1271, NULL, '2024-01-09 12:56:50'),
                                                               (1272, NULL, '2024-01-09 12:56:52'),
                                                               (1273, NULL, '2024-01-09 13:00:06'),
                                                               (1274, NULL, '2024-01-09 13:00:08'),
                                                               (1275, NULL, '2024-01-09 13:00:09'),
                                                               (1276, NULL, '2024-01-09 13:00:30'),
                                                               (1277, NULL, '2024-01-09 13:00:31'),
                                                               (1278, NULL, '2024-01-09 13:00:34'),
                                                               (1279, NULL, '2024-01-09 13:00:51'),
                                                               (1280, NULL, '2024-01-09 13:02:58'),
                                                               (1281, NULL, '2024-01-09 13:03:00'),
                                                               (1282, NULL, '2024-01-09 13:03:03'),
                                                               (1283, NULL, '2024-01-09 13:03:14'),
                                                               (1284, NULL, '2024-01-09 13:03:27'),
                                                               (1285, NULL, '2024-01-09 13:03:30'),
                                                               (1286, NULL, '2024-01-09 13:04:35'),
                                                               (1287, NULL, '2024-01-09 13:24:01'),
                                                               (1288, NULL, '2024-01-09 13:24:03'),
                                                               (1289, NULL, '2024-01-09 13:24:04'),
                                                               (1290, NULL, '2024-01-09 13:26:09'),
                                                               (1291, NULL, '2024-01-09 13:26:11'),
                                                               (1292, NULL, '2024-01-09 13:26:12'),
                                                               (1293, NULL, '2024-01-09 13:26:17'),
                                                               (1294, NULL, '2024-01-09 13:26:20'),
                                                               (1295, NULL, '2024-01-09 13:26:27'),
                                                               (1296, NULL, '2024-01-09 13:26:29'),
                                                               (1297, NULL, '2024-01-09 13:26:37'),
                                                               (1298, NULL, '2024-01-09 14:09:47'),
                                                               (1299, NULL, '2024-01-09 14:09:48'),
                                                               (1300, NULL, '2024-01-09 14:09:50'),
                                                               (1301, NULL, '2024-01-09 14:09:57'),
                                                               (1302, NULL, '2024-01-09 14:10:32'),
                                                               (1303, NULL, '2024-01-09 14:10:46'),
                                                               (1304, NULL, '2024-01-09 14:10:49'),
                                                               (1305, NULL, '2024-01-09 14:10:51'),
                                                               (1306, NULL, '2024-01-09 14:11:24'),
                                                               (1307, NULL, '2024-01-09 14:11:26'),
                                                               (1308, NULL, '2024-01-09 14:11:28'),
                                                               (1310, NULL, '2024-01-09 14:19:04'),
                                                               (1311, NULL, '2024-01-09 14:19:05'),
                                                               (1312, NULL, '2024-01-09 14:19:09'),
                                                               (1313, NULL, '2024-01-09 14:19:17'),
                                                               (1314, NULL, '2024-01-09 14:19:20'),
                                                               (1315, NULL, '2024-01-09 14:19:22'),
                                                               (1316, NULL, '2024-01-09 14:19:27'),
                                                               (1318, NULL, '2024-01-09 14:24:32'),
                                                               (1319, NULL, '2024-01-09 14:24:33'),
                                                               (1320, NULL, '2024-01-09 14:33:57'),
                                                               (1321, NULL, '2024-01-09 14:34:00'),
                                                               (1322, NULL, '2024-01-09 14:34:01'),
                                                               (1323, NULL, '2024-01-09 14:34:02'),
                                                               (1324, NULL, '2024-01-09 14:34:04'),
                                                               (1325, NULL, '2024-01-09 14:34:05'),
                                                               (1326, NULL, '2024-01-09 14:34:05'),
                                                               (1327, NULL, '2024-01-09 14:34:07'),
                                                               (1328, NULL, '2024-01-09 14:34:09'),
                                                               (1329, NULL, '2024-01-09 14:35:24'),
                                                               (1330, NULL, '2024-01-09 14:35:24'),
                                                               (1331, NULL, '2024-01-09 14:35:25'),
                                                               (1332, NULL, '2024-01-09 14:35:26'),
                                                               (1333, NULL, '2024-01-09 14:35:26'),
                                                               (1334, NULL, '2024-01-09 14:35:27'),
                                                               (1335, NULL, '2024-01-09 14:35:27'),
                                                               (1336, NULL, '2024-01-09 14:51:43'),
                                                               (1337, NULL, '2024-01-09 14:51:43'),
                                                               (1338, NULL, '2024-01-09 14:51:44'),
                                                               (1339, NULL, '2024-01-09 14:51:44'),
                                                               (1340, NULL, '2024-01-09 14:51:45'),
                                                               (1341, NULL, '2024-01-09 14:51:45'),
                                                               (1342, NULL, '2024-01-09 14:51:46'),
                                                               (1343, NULL, '2024-01-09 14:51:47'),
                                                               (1344, NULL, '2024-01-09 14:51:47'),
                                                               (1345, NULL, '2024-01-09 14:51:48'),
                                                               (1346, NULL, '2024-01-09 14:51:48'),
                                                               (1347, NULL, '2024-01-09 14:51:49'),
                                                               (1348, NULL, '2024-01-09 14:51:49'),
                                                               (1349, NULL, '2024-01-09 15:38:36'),
                                                               (1350, NULL, '2024-01-09 15:38:37'),
                                                               (1351, NULL, '2024-01-09 15:40:38'),
                                                               (1352, NULL, '2024-01-09 15:40:38'),
                                                               (1353, NULL, '2024-01-09 15:40:39'),
                                                               (1354, NULL, '2024-01-09 15:40:40'),
                                                               (1355, NULL, '2024-01-09 15:40:42'),
                                                               (1356, NULL, '2024-01-09 15:40:43'),
                                                               (1357, NULL, '2024-01-09 15:40:43'),
                                                               (1358, NULL, '2024-01-09 15:40:44'),
                                                               (1359, NULL, '2024-01-09 15:40:44'),
                                                               (1360, NULL, '2024-01-09 15:40:45'),
                                                               (1361, NULL, '2024-01-09 15:40:46'),
                                                               (1362, NULL, '2024-01-09 15:40:47'),
                                                               (1363, NULL, '2024-01-09 15:40:48'),
                                                               (1364, NULL, '2024-01-09 15:40:48'),
                                                               (1365, NULL, '2024-01-09 15:42:13'),
                                                               (1366, NULL, '2024-01-09 15:42:16'),
                                                               (1367, NULL, '2024-01-09 15:42:19'),
                                                               (1368, NULL, '2024-01-09 15:42:33'),
                                                               (1369, NULL, '2024-01-09 15:42:51'),
                                                               (1370, NULL, '2024-01-09 15:42:51'),
                                                               (1371, NULL, '2024-01-09 15:42:52'),
                                                               (1372, NULL, '2024-01-09 15:50:57'),
                                                               (1373, NULL, '2024-01-09 15:50:58'),
                                                               (1374, NULL, '2024-01-09 15:50:58'),
                                                               (1375, NULL, '2024-01-09 15:50:59'),
                                                               (1376, NULL, '2024-01-09 16:05:25'),
                                                               (1377, NULL, '2024-01-09 16:05:30'),
                                                               (1378, NULL, '2024-01-09 16:07:06'),
                                                               (1379, NULL, '2024-01-09 16:07:07'),
                                                               (1380, NULL, '2024-01-09 16:07:21'),
                                                               (1381, NULL, '2024-01-09 17:02:15'),
                                                               (1382, NULL, '2024-01-09 17:02:22'),
                                                               (1383, NULL, '2024-01-09 17:02:23'),
                                                               (1384, NULL, '2024-01-09 17:02:37'),
                                                               (1385, NULL, '2024-01-09 17:08:28'),
                                                               (1386, NULL, '2024-01-09 17:08:29'),
                                                               (1387, NULL, '2024-01-09 21:37:07'),
                                                               (1389, NULL, '2024-01-09 21:37:31'),
                                                               (1390, NULL, '2024-01-09 21:37:40'),
                                                               (1391, NULL, '2024-01-09 21:37:43'),
                                                               (1392, NULL, '2024-01-09 21:37:46'),
                                                               (1393, NULL, '2024-01-09 21:37:46'),
                                                               (1394, NULL, '2024-01-09 21:37:48'),
                                                               (1395, NULL, '2024-01-09 21:37:53'),
                                                               (1396, NULL, '2024-01-09 21:37:56'),
                                                               (1398, NULL, '2024-01-09 21:38:17'),
                                                               (1399, NULL, '2024-01-09 21:38:22'),
                                                               (1401, NULL, '2024-01-09 21:38:52'),
                                                               (1402, 1, '2024-01-09 21:54:21'),
                                                               (1403, NULL, '2024-01-09 21:42:23'),
                                                               (1404, NULL, '2024-01-09 21:42:25'),
                                                               (1405, NULL, '2024-01-09 21:42:27'),
                                                               (1406, NULL, '2024-01-09 21:42:30'),
                                                               (1407, NULL, '2024-01-09 21:42:36'),
                                                               (1408, NULL, '2024-01-09 21:42:45'),
                                                               (1409, NULL, '2024-01-09 21:42:48'),
                                                               (1410, NULL, '2024-01-09 21:42:59'),
                                                               (1411, NULL, '2024-01-09 21:43:03'),
                                                               (1412, NULL, '2024-01-09 21:43:05'),
                                                               (1413, NULL, '2024-01-09 21:43:09'),
                                                               (1414, NULL, '2024-01-09 21:43:11'),
                                                               (1415, NULL, '2024-01-09 21:43:14'),
                                                               (1416, NULL, '2024-01-09 21:43:16'),
                                                               (1417, NULL, '2024-01-09 21:43:22'),
                                                               (1418, NULL, '2024-01-09 21:43:24'),
                                                               (1419, NULL, '2024-01-09 21:43:40'),
                                                               (1420, NULL, '2024-01-09 21:43:43'),
                                                               (1421, NULL, '2024-01-09 21:49:39'),
                                                               (1422, NULL, '2024-01-09 21:54:23'),
                                                               (1423, NULL, '2024-01-09 21:54:25'),
                                                               (1424, NULL, '2024-01-09 21:54:30'),
                                                               (1425, NULL, '2024-01-09 21:54:33'),
                                                               (1426, NULL, '2024-01-09 21:54:35'),
                                                               (1427, NULL, '2024-01-09 21:54:40');

-- --------------------------------------------------------

--
-- Struktura tabulky `cart_item`
--

CREATE TABLE `cart_item` (
                             `cart_item_id` int(11) NOT NULL,
                             `product_id` int(11) NOT NULL,
                             `cart_id` int(11) NOT NULL,
                             `count` int(11) NOT NULL
) ENGINE=InnoDB DEFAULT CHARSET=utf8mb4 COLLATE=utf8mb4_czech_ci;

--
-- Vypisuji data pro tabulku `cart_item`
--

INSERT INTO `cart_item` (`cart_item_id`, `product_id`, `cart_id`, `count`) VALUES
                                                                               (32, 7, 902, 1),
                                                                               (33, 3, 905, 1),
                                                                               (35, 3, 915, 1),
                                                                               (36, 2, 918, 2),
                                                                               (45, 7, 1402, 1);

-- --------------------------------------------------------

--
-- Struktura tabulky `category`
--

CREATE TABLE `category` (
                            `category_id` smallint(5) UNSIGNED NOT NULL,
                            `title` varchar(100) NOT NULL,
                            `description` varchar(500) NOT NULL
) ENGINE=InnoDB DEFAULT CHARSET=utf8mb4 COLLATE=utf8mb4_czech_ci COMMENT='Kategorie poznámek';

--
-- Vypisuji data pro tabulku `category`
--

INSERT INTO `category` (`category_id`, `title`, `description`) VALUES
                                                                   (1, 'Amazon Kindle', 'Čtečka knih Amazon Kindle vám umožní vzít si celou domácí knihovnu s sebou na cesty, a to vše v jediném lehoučkém kompaktním zařízení. Celou sbírku svých oblíbených titulů tak můžete nosit stále u sebe, čímž odpadá těžké rozhodování, kterou knihu přibalit do již přeplněných zavazadel. '),
                                                                   (2, 'PocketBook', 'Pokud se chystáte pořídit Ebook čtečky PocketBook, je zde pár aspektů, které pomohou ke zvolení toho správného produktu.'),
                                                                   (3, 'S podsvíceným displejem', 'Čtečky knih s podsvíceným displejem.'),
                                                                   (4, 'Příslušenství', 'Příslušenství ke čtečkám elektronických knih.');

-- --------------------------------------------------------

--
-- Struktura tabulky `forgotten_password`
--

CREATE TABLE `forgotten_password` (
                                      `forgotten_password_id` int(11) NOT NULL,
                                      `user_id` int(11) NOT NULL,
                                      `code` varchar(50) NOT NULL,
                                      `created` timestamp NOT NULL DEFAULT current_timestamp()
) ENGINE=InnoDB DEFAULT CHARSET=utf8mb4 COLLATE=utf8mb4_czech_ci;

--
-- Vypisuji data pro tabulku `forgotten_password`
--

INSERT INTO `forgotten_password` (`forgotten_password_id`, `user_id`, `code`, `created`) VALUES
    (2, 1, '8fq8eluobd', '2023-12-25 16:03:17');

-- --------------------------------------------------------

--
-- Struktura tabulky `objednavka`
--

CREATE TABLE `objednavka` (
                              `objednavka_id` int(11) NOT NULL,
                              `user_id` int(11) DEFAULT NULL,
                              `objednavka_date` timestamp NOT NULL DEFAULT current_timestamp(),
                              `objednavka_name` varchar(40) NOT NULL,
                              `objednavka_email` varchar(255) NOT NULL,
                              `objednavka_address` varchar(512) NOT NULL,
                              `objednavka_phone` int(11) NOT NULL,
                              `paid` tinyint(1) NOT NULL DEFAULT 0,
                              `objednavka_price` decimal(10,2) NOT NULL,
                              `status` enum('received','sent','delivered','canceled','returned') NOT NULL DEFAULT 'received'
) ENGINE=InnoDB DEFAULT CHARSET=utf8mb4 COLLATE=utf8mb4_czech_ci;

--
-- Vypisuji data pro tabulku `objednavka`
--

INSERT INTO `objednavka` (`objednavka_id`, `user_id`, `objednavka_date`, `objednavka_name`, `objednavka_email`, `objednavka_address`, `objednavka_phone`, `paid`, `objednavka_price`, `status`) VALUES
                                                                                                                                                                                                    (2, 0, '2024-01-08 12:16:17', 'Vlad Biastinov', 'vladikbyastinov@gmail.com', 'as', 123123, 1, '150.00', 'canceled'),
                                                                                                                                                                                                    (4, NULL, '2024-01-09 14:17:41', 'test', 'test@vse.cz', 'te', 2, 0, '7499.00', 'received'),
                                                                                                                                                                                                    (5, NULL, '2024-01-09 21:37:30', 'test', 'tomas.brezina73@seznam.cz', 'te', 343, 0, '6499.00', 'received'),
                                                                                                                                                                                                    (6, NULL, '2024-01-09 21:38:17', 'test', 'tomas.brezina73@seznam.cz', 'test', 39494, 0, '10998.00', 'received'),
                                                                                                                                                                                                    (7, 1, '2024-01-09 21:38:48', 'test', 'test@vse.cz', 'te', 393, 0, '6499.00', 'received');

-- --------------------------------------------------------

--
-- Struktura tabulky `objednavka_item`
--

CREATE TABLE `objednavka_item` (
                                   `objednavka_item_id` int(11) NOT NULL,
                                   `product_id` int(11) NOT NULL,
                                   `objednavka_id` int(11) NOT NULL,
                                   `count` int(11) NOT NULL,
                                   `objednavka_item_price` decimal(10,2) NOT NULL
) ENGINE=InnoDB DEFAULT CHARSET=utf8mb4 COLLATE=utf8mb4_czech_ci;

--
-- Vypisuji data pro tabulku `objednavka_item`
--

INSERT INTO `objednavka_item` (`objednavka_item_id`, `product_id`, `objednavka_id`, `count`, `objednavka_item_price`) VALUES
                                                                                                                          (33, 3, 5, 1, '6499.00'),
                                                                                                                          (34, 3, 6, 1, '6499.00'),
                                                                                                                          (35, 2, 6, 1, '4499.00'),
                                                                                                                          (36, 3, 7, 1, '6499.00');

-- --------------------------------------------------------

--
-- Struktura tabulky `permission`
--

CREATE TABLE `permission` (
                              `permission_id` int(11) NOT NULL,
                              `role_id` varchar(50) NOT NULL,
                              `resource_id` varchar(50) NOT NULL,
                              `action` varchar(100) NOT NULL,
                              `type` set('allow','deny') NOT NULL DEFAULT 'allow'
) ENGINE=InnoDB DEFAULT CHARSET=utf8mb4 COLLATE=utf8mb4_czech_ci;

--
-- Vypisuji data pro tabulku `permission`
--

INSERT INTO `permission` (`permission_id`, `role_id`, `resource_id`, `action`, `type`) VALUES
                                                                                           (22, 'admin', 'Admin:Category', '', 'allow'),
                                                                                           (21, 'admin', 'Admin:Dashboard', '', 'allow'),
                                                                                           (46, 'admin', 'Admin:Order', '', 'allow'),
                                                                                           (24, 'admin', 'Admin:Product', '', 'allow'),
                                                                                           (45, 'admin', 'Admin:User', '', 'allow'),
                                                                                           (12, 'admin', 'Category', '', 'allow'),
                                                                                           (58, 'admin', 'Order', '', 'allow'),
                                                                                           (23, 'admin', 'Product', '', 'allow'),
                                                                                           (57, 'admin', 'User', '', 'allow'),
                                                                                           (38, 'authenticated', 'Front:About', '', 'allow'),
                                                                                           (39, 'authenticated', 'Front:Cart', '', 'allow'),
                                                                                           (36, 'authenticated', 'Front:Contact', '', 'allow'),
                                                                                           (4, 'authenticated', 'Front:Error', '', 'allow'),
                                                                                           (5, 'authenticated', 'Front:Error4xx', '', 'allow'),
                                                                                           (6, 'authenticated', 'Front:Homepage', '', 'allow'),
                                                                                           (41, 'authenticated', 'Front:Order', '', 'allow'),
                                                                                           (34, 'authenticated', 'Front:Product', '', 'allow'),
                                                                                           (9, 'authenticated', 'Front:User', 'login', 'allow'),
                                                                                           (10, 'authenticated', 'Front:User', 'logout', 'allow'),
                                                                                           (27, 'authenticated', 'Product', '', 'allow'),
                                                                                           (37, 'guest', 'Front:About', '', 'allow'),
                                                                                           (40, 'guest', 'Front:Cart', '', 'allow'),
                                                                                           (35, 'guest', 'Front:Contact', '', 'allow'),
                                                                                           (1, 'guest', 'Front:Error', '', 'allow'),
                                                                                           (2, 'guest', 'Front:Error4xx', '', 'allow'),
                                                                                           (3, 'guest', 'Front:Homepage', '', 'allow'),
                                                                                           (42, 'guest', 'Front:Order', '', 'allow'),
                                                                                           (33, 'guest', 'Front:Product', '', 'allow'),
                                                                                           (15, 'guest', 'Front:User', 'facebookLogin', 'allow'),
                                                                                           (13, 'guest', 'Front:User', 'forgottenPassword', 'allow'),
                                                                                           (7, 'guest', 'Front:User', 'login', 'allow'),
                                                                                           (8, 'guest', 'Front:User', 'logout', 'allow'),
                                                                                           (11, 'guest', 'Front:User', 'register', 'allow'),
                                                                                           (14, 'guest', 'Front:User', 'renewPassword', 'allow'),
                                                                                           (25, 'guest', 'Product', '', 'allow');

-- --------------------------------------------------------

--
-- Struktura tabulky `product`
--

CREATE TABLE `product` (
                           `product_id` int(11) NOT NULL,
                           `category_id` smallint(5) UNSIGNED DEFAULT NULL,
                           `title` varchar(100) NOT NULL,
                           `url` varchar(100) NOT NULL,
                           `description` text NOT NULL,
                           `price` decimal(10,2) NOT NULL,
                           `photo_extension` varchar(10) NOT NULL,
                           `recommend` tinyint(1) NOT NULL DEFAULT 0,
                           `stock` int(11) NOT NULL DEFAULT 0
) ENGINE=InnoDB DEFAULT CHARSET=utf8mb4 COLLATE=utf8mb4_czech_ci COMMENT='Tabulka s nabízenými produkty';

--
-- Vypisuji data pro tabulku `product`
--

INSERT INTO `product` (`product_id`, `category_id`, `title`, `url`, `description`, `price`, `photo_extension`, `recommend`, `stock`) VALUES
                                                                                                                                         (2, 2, 'PocketBook 700 Era Stardust Silver', 'pocketbook700', 'Elektronická čtečka knih - 7\" podsvícený dotykový E Ink displej, rozlišení Full HD 1680 × 1264, vnitřní paměť 16 GB, WiFi a Bluetooth, bez paměťové karty, konektor USB-C, 1700mAh baterie, reproduktor součástí, s možností přehrávání hudby, s webovým prohlížečem, stupeň krytí IPX8', '4499.00', 'jpeg', 1, 3),
                                                                                                                                         (3, 3, 'ONYX BOOX PAGE, černá, 7\", 32GB', 'onyxbookpage', 'Elektronická čtečka knih - 7\" podsvícený dotykový E Ink displej, rozlišení Full HD 1680 × 1264, vnitřní paměť 32 GB, WiFi a Bluetooth, micro SD a micro SDHC paměťová karta, konektor USB-C, 2300mAh baterie, reproduktor, mikrofon součástí, s možností přehrávání hudby, s webovým prohlížečem.', '6499.00', 'jpeg', 1, 7),
                                                                                                                                         (4, 3, 'ONYX BOOX TAB MINI C, černá, 7,8\", 64GB', 'onyxbooktab', 'Elektronická čtečka knih - 7,8\" podsvícený dotykový E Ink displej, rozlišení QHD 1872 × 1404, vnitřní paměť 64 GB, WiFi a Bluetooth, bez paměťové karty, konektor USB-C, 5000mAh baterie, reproduktor, mikrofon a stylus součástí, s možností přehrávání hudby, s webovým prohlížečem.', '10990.00', 'jpeg', 0, 6),
                                                                                                                                         (5, 2, 'PocketBook 743C InkPad Color 2 Moon Silver, stříbrný', 'pocketbook743c', 'Elektronická čtečka knih - 7,80\" podsvícený dotykový E Ink displej, rozlišení QHD 1872 × 1404, vnitřní paměť 31,25 GB, WiFi a Bluetooth, bez paměťové karty, konektor USB-C, 2900mAh baterie, reproduktor součástí, s možností přehrávání hudby, s webovým prohlížečem, stupeň krytí IPX8.', '7499.00', 'jpeg', 1, 2),
                                                                                                                                         (6, 1, 'Amazon Kindle Paperwhite 5 2021 32GB Signature Edition (bez reklamy)', 'amazonkindlepaperwhite2021', 'Elektronická čtečka knih - 6,8\" podsvícený dotykový displej, vnitřní paměť 32 GB, WiFi a Bluetooth, bez paměťové karty, konektor USB-C, stupeň krytí IPX8.', '4990.00', 'jpeg', 0, 3),
                                                                                                                                         (7, 1, 'Amazon Kindle 2022, 16GB, černý, bez reklam', 'amazonkindle2022', 'Elektronická čtečka knih - 6\" podsvícený dotykový E Ink displej, rozlišení Full HD 1448 × 1072, vnitřní paměť 15,625 GB, WiFi a Bluetooth, bez paměťové karty, konektor USB-C, 1040mAh baterie', '2990.00', 'jpeg', 1, 1),
                                                                                                                                         (8, 4, 'FIXED GaN s 2xUSB-C a USB výstupem podpora PD 65W bílá', 'fixedgan65w', 'Nabíječka do sítě - s podporou rychlého nabíjení, celkový výkon 65 W (1× USB-C až 45 W, 1× USB-C až 45 W, 1× USB-A až 15 W), technologie USB Power Delivery, Qualcomm Quick Charge 3.0 a Qualcomm Quick Charge 4.0+, přepěťová a podpěťová ochrana, indikace nabíjení, regulace teploty, s technologií GaN, pro Android a iPhone.', '700.00', 'jpeg', 0, 2),
                                                                                                                                         (9, 4, 'Apple USB 5W napájecí adaptér', 'appleadapter', 'Nabíječka do sítě pro jakékoliv modely iPhone a iPad. Bez napájecího kabelu.', '199.00', 'jpeg', 0, 0);

-- --------------------------------------------------------

--
-- Struktura tabulky `resource`
--

CREATE TABLE `resource` (
    `resource_id` varchar(50) NOT NULL
) ENGINE=InnoDB DEFAULT CHARSET=utf8mb4 COLLATE=utf8mb4_czech_ci COMMENT='Tabulka obsahující seznam zdrojů';

--
-- Vypisuji data pro tabulku `resource`
--

INSERT INTO `resource` (`resource_id`) VALUES
                                           ('Admin:Category'),
                                           ('Admin:Dashboard'),
                                           ('Admin:Error4xx'),
                                           ('Admin:Order'),
                                           ('Admin:Product'),
                                           ('Admin:User'),
                                           ('Category'),
                                           ('Front:About'),
                                           ('Front:Cart'),
                                           ('Front:Contact'),
                                           ('Front:Error'),
                                           ('Front:Error4xx'),
                                           ('Front:Homepage'),
                                           ('Front:Order'),
                                           ('Front:Product'),
                                           ('Front:User'),
                                           ('Order'),
                                           ('Product'),
                                           ('User');

-- --------------------------------------------------------

--
-- Struktura tabulky `role`
--

CREATE TABLE `role` (
    `role_id` varchar(50) NOT NULL
) ENGINE=InnoDB DEFAULT CHARSET=utf8mb4 COLLATE=utf8mb4_czech_ci;

--
-- Vypisuji data pro tabulku `role`
--

INSERT INTO `role` (`role_id`) VALUES
                                   ('admin'),
                                   ('authenticated'),
                                   ('guest');

-- --------------------------------------------------------

--
-- Struktura tabulky `user`
--

CREATE TABLE `user` (
                        `user_id` int(11) NOT NULL,
                        `name` varchar(40) NOT NULL,
                        `email` varchar(255) NOT NULL,
                        `facebook_id` varchar(100) DEFAULT NULL,
                        `role_id` varchar(50) DEFAULT NULL,
                        `password` varchar(255) DEFAULT NULL
) ENGINE=InnoDB DEFAULT CHARSET=utf8mb4 COLLATE=utf8mb4_czech_ci COMMENT='Tabulka s daty uživatelů';

--
-- Vypisuji data pro tabulku `user`
--

INSERT INTO `user` (`user_id`, `name`, `email`, `facebook_id`, `role_id`, `password`) VALUES
                                                                                          (1, 'test', 'test@vse.cz', NULL, 'admin', '$2y$10$xJYPkow4DuysC3nh6X0O3.GNqK5G1R1FAWL2s8MmfflntTWaPH3tm'),
                                                                                          (3, 'Vlad Biastinov', 'vladikbyastinov@gmail.com', NULL, 'admin', '$2y$10$cYXA2k7gll/DFfcPMXERxek1rT1xa84VurSb0Y2vSclXVkrEn82MG');

--
-- Indexy pro exportované tabulky
--

--
-- Indexy pro tabulku `cart`
--
ALTER TABLE `cart`
    ADD PRIMARY KEY (`cart_id`),
  ADD KEY `user_id` (`user_id`);

--
-- Indexy pro tabulku `cart_item`
--
ALTER TABLE `cart_item`
    ADD PRIMARY KEY (`cart_item_id`),
  ADD UNIQUE KEY `product_id` (`product_id`,`cart_id`),
  ADD KEY `cart_id` (`cart_id`);

--
-- Indexy pro tabulku `category`
--
ALTER TABLE `category`
    ADD PRIMARY KEY (`category_id`);

--
-- Indexy pro tabulku `forgotten_password`
--
ALTER TABLE `forgotten_password`
    ADD PRIMARY KEY (`forgotten_password_id`),
  ADD KEY `user_id` (`user_id`);

--
-- Indexy pro tabulku `objednavka`
--
ALTER TABLE `objednavka`
    ADD PRIMARY KEY (`objednavka_id`),
  ADD KEY `user_id` (`user_id`);

--
-- Indexy pro tabulku `objednavka_item`
--
ALTER TABLE `objednavka_item`
    ADD PRIMARY KEY (`objednavka_item_id`),
  ADD UNIQUE KEY `product_id` (`product_id`,`objednavka_id`),
  ADD KEY `objednavka_id` (`objednavka_id`);

--
-- Indexy pro tabulku `permission`
--
ALTER TABLE `permission`
    ADD PRIMARY KEY (`permission_id`),
  ADD UNIQUE KEY `role_id` (`role_id`,`resource_id`,`action`,`type`),
  ADD KEY `permission_ibfk_1` (`resource_id`);

--
-- Indexy pro tabulku `product`
--
ALTER TABLE `product`
    ADD PRIMARY KEY (`product_id`),
  ADD UNIQUE KEY `url` (`url`),
  ADD KEY `category_id` (`category_id`),
  ADD KEY `stock` (`stock`);

--
-- Indexy pro tabulku `resource`
--
ALTER TABLE `resource`
    ADD PRIMARY KEY (`resource_id`);

--
-- Indexy pro tabulku `role`
--
ALTER TABLE `role`
    ADD PRIMARY KEY (`role_id`);

--
-- Indexy pro tabulku `user`
--
ALTER TABLE `user`
    ADD PRIMARY KEY (`user_id`),
  ADD UNIQUE KEY `email` (`email`),
  ADD UNIQUE KEY `facebook_id` (`facebook_id`),
  ADD KEY `role_id` (`role_id`);

--
-- AUTO_INCREMENT pro tabulky
--

--
-- AUTO_INCREMENT pro tabulku `cart`
--
ALTER TABLE `cart`
    MODIFY `cart_id` int(11) NOT NULL AUTO_INCREMENT, AUTO_INCREMENT=1428;

--
-- AUTO_INCREMENT pro tabulku `cart_item`
--
ALTER TABLE `cart_item`
    MODIFY `cart_item_id` int(11) NOT NULL AUTO_INCREMENT, AUTO_INCREMENT=46;

--
-- AUTO_INCREMENT pro tabulku `category`
--
ALTER TABLE `category`
    MODIFY `category_id` smallint(5) UNSIGNED NOT NULL AUTO_INCREMENT, AUTO_INCREMENT=5;

--
-- AUTO_INCREMENT pro tabulku `forgotten_password`
--
ALTER TABLE `forgotten_password`
    MODIFY `forgotten_password_id` int(11) NOT NULL AUTO_INCREMENT, AUTO_INCREMENT=3;

--
-- AUTO_INCREMENT pro tabulku `objednavka`
--
ALTER TABLE `objednavka`
    MODIFY `objednavka_id` int(11) NOT NULL AUTO_INCREMENT, AUTO_INCREMENT=8;

--
-- AUTO_INCREMENT pro tabulku `objednavka_item`
--
ALTER TABLE `objednavka_item`
    MODIFY `objednavka_item_id` int(11) NOT NULL AUTO_INCREMENT, AUTO_INCREMENT=37;

--
-- AUTO_INCREMENT pro tabulku `permission`
--
ALTER TABLE `permission`
    MODIFY `permission_id` int(11) NOT NULL AUTO_INCREMENT, AUTO_INCREMENT=60;

--
-- AUTO_INCREMENT pro tabulku `product`
--
ALTER TABLE `product`
    MODIFY `product_id` int(11) NOT NULL AUTO_INCREMENT, AUTO_INCREMENT=10;

--
-- AUTO_INCREMENT pro tabulku `user`
--
ALTER TABLE `user`
    MODIFY `user_id` int(11) NOT NULL AUTO_INCREMENT, AUTO_INCREMENT=5;

--
-- Omezení pro exportované tabulky
--

--
-- Omezení pro tabulku `cart`
--
ALTER TABLE `cart`
    ADD CONSTRAINT `cart_ibfk_1` FOREIGN KEY (`user_id`) REFERENCES `user` (`user_id`) ON DELETE CASCADE ON UPDATE CASCADE;

--
-- Omezení pro tabulku `cart_item`
--
ALTER TABLE `cart_item`
    ADD CONSTRAINT `cart_item_ibfk_1` FOREIGN KEY (`cart_id`) REFERENCES `cart` (`cart_id`) ON DELETE CASCADE ON UPDATE CASCADE,
  ADD CONSTRAINT `cart_item_ibfk_2` FOREIGN KEY (`product_id`) REFERENCES `product` (`product_id`) ON DELETE CASCADE ON UPDATE CASCADE;

--
-- Omezení pro tabulku `forgotten_password`
--
ALTER TABLE `forgotten_password`
    ADD CONSTRAINT `forgotten_password_ibfk_1` FOREIGN KEY (`user_id`) REFERENCES `user` (`user_id`) ON DELETE CASCADE ON UPDATE CASCADE;

--
-- Omezení pro tabulku `objednavka_item`
--
ALTER TABLE `objednavka_item`
    ADD CONSTRAINT `objednavka_item_ibfk_1` FOREIGN KEY (`objednavka_id`) REFERENCES `objednavka` (`objednavka_id`) ON DELETE CASCADE ON UPDATE CASCADE,
  ADD CONSTRAINT `objednavka_item_ibfk_2` FOREIGN KEY (`product_id`) REFERENCES `product` (`product_id`) ON DELETE CASCADE ON UPDATE CASCADE;

--
-- Omezení pro tabulku `permission`
--
ALTER TABLE `permission`
    ADD CONSTRAINT `permission_ibfk_1` FOREIGN KEY (`resource_id`) REFERENCES `resource` (`resource_id`) ON DELETE CASCADE ON UPDATE CASCADE,
  ADD CONSTRAINT `permission_ibfk_2` FOREIGN KEY (`role_id`) REFERENCES `role` (`role_id`) ON DELETE CASCADE ON UPDATE CASCADE;

--
-- Omezení pro tabulku `product`
--
ALTER TABLE `product`
    ADD CONSTRAINT `product_ibfk_1` FOREIGN KEY (`category_id`) REFERENCES `category` (`category_id`) ON DELETE SET NULL;

--
-- Omezení pro tabulku `user`
--
ALTER TABLE `user`
    ADD CONSTRAINT `user_ibfk_1` FOREIGN KEY (`role_id`) REFERENCES `role` (`role_id`) ON DELETE SET NULL ON UPDATE CASCADE;
COMMIT;

/*!40101 SET CHARACTER_SET_CLIENT=@OLD_CHARACTER_SET_CLIENT */;
/*!40101 SET CHARACTER_SET_RESULTS=@OLD_CHARACTER_SET_RESULTS */;
/*!40101 SET COLLATION_CONNECTION=@OLD_COLLATION_CONNECTION */;
